{
  "grid_shape": [
    30,
    40
  ],
  "total_ones": 264,
  "total_bits": 1200,
  "overall_entropy": 0.48621989396118287,
  "column_entropies": [
    0.0,
    0.21084230031853213,
    0.6500224216483541,
    0.5665095065529053,
    0.35335933502142136,
    0.9871377743721863,
    0.9709505944546686,
    0.8366407419411672,
    0.7837769474847008,
    0.7837769474847008,
    0.4689955935892811,
    0.3533593350214213,
    0.7219280948873623,
    0.7837769474847008,
    0.8366407419411672,
    0.7837769474847012,
    0.4689955935892812,
    0.35335933502142136,
    0.5665095065529053,
    0.9182958340544896,
    0.4689955935892812,
    0.0,
    0.0,
    0.0,
    0.0,
    0.0,
    0.0,
    0.0,
    0.0,
    0.0,
    0.0,
    0.0,
    0.0,
    0.0,
    0.0,
    0.0,
    0.0,
    0.0,
    0.0,
    0.0
  ],
  "row_entropies": [
    0.28639695711595625,
    0.5435644431995964,
    0.4689955935892812,
    0.0,
    0.16866093149667025,
    0.38431154412649704,
    0.28639695711595625,
    0.6098403047164004,
    0.6690158350565576,
    0.6690158350565576,
    0.7219280948873623,
    0.9097361225311662,
    0.954434002924965,
    0.954434002924965,
    0.8485481782946158,
    0.8112781244591328,
    0.8112781244591328,
    0.8485481782946158,
    0.8112781244591328,
    0.8112781244591328,
    0.9097361225311662,
    0.9097361225311662,
    0.8485481782946158,
    0.8485481782946158,
    0.8812908992306927,
    0.8485481782946158,
    0.8485481782946158,
    0.8112781244591328,
    0.8112781244591328,
    0.8812908992306927
  ],
  "high_entropy_regions": {
    "columns": [
      5,
      6,
      7,
      14,
      19
    ],
    "rows": [
      11,
      12,
      13,
      14,
      15,
      16,
      17,
      18,
      19,
      20,
      21,
      22,
      23,
      24,
      25,
      26,
      27,
      28,
      29
    ]
  }
}