{
  "sequence_length": 1440,
  "zeros": 1088,
  "ones": 352,
  "zero_percentage": 75.55555555555556,
  "entropy": 0.8023534428291901,
  "entropy_ratio": 0.8023534428291901,
  "region_entropies": {
    "0.0": 0.990374836448575,
    "2.0": 0.994538681650011,
    "5.0": 0,
    "6.0": 0.47615884455807067,
    "7.0": 0.6873150928309273,
    "10.0": 0,
    "11.0": 0.863120568566631,
    "13.0": 0.38431154412649704,
    "17.0": 0.8023534428291901,
    "19.0": 0.15838440747285049,
    "23.0": 0.3095434291503252,
    "24.0": 0.8112781244591328,
    "25.0": 0,
    "44.0": 0,
    "47.0": 0.9886994082884974,
    "48.0": 0
  },
  "average_region_entropy": 0.46662989877379424,
  "max_region_entropy": 0.994538681650011,
  "min_region_entropy": 0,
  "analysis_timestamp": "2025-07-16T16:51:49.738230"
}