{
  "statistics": {
    "total_cells": 1440,
    "clear_cells": 524,
    "ambiguous_cells": 916,
    "clarity_rate": 36.388888888888886,
    "bit_distribution": {
      "1": 490,
      "0": 34
    },
    "confidence_stats": {
      "mean": 76.98586228384482,
      "median": 72.82653061224491,
      "std": 26.435635917039694,
      "min": 38.6530612244898,
      "max": 177.30612244897958
    }
  },
  "region_performance": {
    "0": 56.59340659340659,
    "2": 58.69565217391305,
    "5": 25.97402597402597,
    "6": 18.181818181818183,
    "7": 35.0,
    "10": 0.0,
    "11": 42.857142857142854,
    "13": 15.0,
    "17": 33.33333333333333,
    "19": 10.0,
    "23": 27.77777777777778,
    "24": 50.0,
    "25": 0.0,
    "44": 3.076923076923077,
    "47": 56.25,
    "48": 33.33333333333333
  },
  "patterns": {
    "consecutive_ones": 480,
    "consecutive_zeros": 25,
    "alternating": 18
  },
  "suggestions": [
    {
      "issue": "Many low-confidence classifications",
      "suggestion": "Adjust blue channel thresholds or try different color channels",
      "priority": "high"
    },
    {
      "issue": "Poor performance in regions: [6, 10, 13, 19, 25, 44]",
      "suggestion": "Investigate lighting/contrast issues in these regions",
      "priority": "medium"
    }
  ]
}